narrative_id,narrative_hash,char_count,word_count,tokens_o200k,tokens_cl100k,in_acm_baseline,acm_repetitions,has_human_assessment,assessment_evaluators,has_human_questionnaire,questionnaire_evaluators,has_any_human_validation,hash_total_rows,hash_in_acm,hash_has_assessment,hash_has_questionnaire,hash_has_any_human,hash_human_comparable
1,939dcd7520cef4a3e3d5c8e752ac6d580307c8405ab6d5b6f29576dedf7b6abe,1239,269,352,406,False,0,True,1,False,0,True,15,False,True,True,True,False
2,939dcd7520cef4a3e3d5c8e752ac6d580307c8405ab6d5b6f29576dedf7b6abe,1239,269,352,406,False,0,False,0,False,0,False,15,False,True,True,True,False
3,939dcd7520cef4a3e3d5c8e752ac6d580307c8405ab6d5b6f29576dedf7b6abe,1239,269,352,406,False,0,True,1,True,1,True,15,False,True,True,True,False
4,939dcd7520cef4a3e3d5c8e752ac6d580307c8405ab6d5b6f29576dedf7b6abe,1239,269,352,406,False,0,False,0,False,0,False,15,False,True,True,True,False
5,939dcd7520cef4a3e3d5c8e752ac6d580307c8405ab6d5b6f29576dedf7b6abe,1239,269,352,406,False,0,False,0,False,0,False,15,False,True,True,True,False
6,90da9b7800812eb1f2107f528e7aed9e8b446b67a01d15162ee1bf76c966a0d0,1257,273,357,412,False,0,False,0,False,0,False,1,False,False,False,False,False
7,939dcd7520cef4a3e3d5c8e752ac6d580307c8405ab6d5b6f29576dedf7b6abe,1239,269,352,406,False,0,False,0,False,0,False,15,False,True,True,True,False
8,f4b473ed830a589b4cab57b7cd06e9afd21407040504c93818c0b8cf7a8a1d77,740,176,225,252,False,0,False,0,False,0,False,3,False,False,False,False,False
9,f4b473ed830a589b4cab57b7cd06e9afd21407040504c93818c0b8cf7a8a1d77,740,176,225,252,False,0,False,0,False,0,False,3,False,False,False,False,False
10,f4b473ed830a589b4cab57b7cd06e9afd21407040504c93818c0b8cf7a8a1d77,740,176,225,252,False,0,False,0,False,0,False,3,False,False,False,False,False
11,8690f8dd9f2c99e89426b245c602ca778d246a75465a1e6c6221f936b4bf1b8f,307,68,86,87,False,0,False,0,False,0,False,3,False,False,False,False,False
12,8690f8dd9f2c99e89426b245c602ca778d246a75465a1e6c6221f936b4bf1b8f,307,68,86,87,False,0,False,0,False,0,False,3,False,False,False,False,False
13,8690f8dd9f2c99e89426b245c602ca778d246a75465a1e6c6221f936b4bf1b8f,307,68,86,87,False,0,False,0,False,0,False,3,False,False,False,False,False
14,a4d68949c69c1be2dcf67e83a793baca85b2e21a2a9ed4973d8b07c853ad611a,309,68,86,87,False,0,False,0,False,0,False,2,False,False,False,False,False
15,a4d68949c69c1be2dcf67e83a793baca85b2e21a2a9ed4973d8b07c853ad611a,309,68,86,87,False,0,False,0,False,0,False,2,False,False,False,False,False
16,fdeac814efde329126a4cef73b3d72b6fdee39d6e5c8abb9d5c54c8e3dfdc768,345,69,97,115,False,0,False,0,False,0,False,2,False,False,False,False,False
17,fdeac814efde329126a4cef73b3d72b6fdee39d6e5c8abb9d5c54c8e3dfdc768,345,69,97,115,False,0,False,0,False,0,False,2,False,False,False,False,False
18,650d3a655b6178d8ed33b03a2b3a8d7851a2a08659b418cb270f479ae310b755,196,46,51,51,False,0,False,0,False,0,False,1,False,False,False,False,False
19,14c47ac9479ddee363fbacdf4dcd27bad7f16aadb19e7ece072f37bf9815ff4b,96,25,29,29,False,0,False,0,False,0,False,2,False,True,False,True,False
20,14c47ac9479ddee363fbacdf4dcd27bad7f16aadb19e7ece072f37bf9815ff4b,96,25,29,29,False,0,True,1,False,0,True,2,False,True,False,True,False
21,be31125abbc5d175ac34ae55b005496f1d0f21deb07a045c99b354c33dd396a6,1030,193,263,306,False,0,True,1,False,0,True,1,False,True,False,True,False
22,939dcd7520cef4a3e3d5c8e752ac6d580307c8405ab6d5b6f29576dedf7b6abe,1239,269,352,406,False,0,False,0,False,0,False,15,False,True,True,True,False
23,939dcd7520cef4a3e3d5c8e752ac6d580307c8405ab6d5b6f29576dedf7b6abe,1239,269,352,406,False,0,True,1,True,1,True,15,False,True,True,True,False
24,939dcd7520cef4a3e3d5c8e752ac6d580307c8405ab6d5b6f29576dedf7b6abe,1239,269,352,406,False,0,True,1,True,1,True,15,False,True,True,True,False
25,939dcd7520cef4a3e3d5c8e752ac6d580307c8405ab6d5b6f29576dedf7b6abe,1239,269,352,406,False,0,False,0,False,0,False,15,False,True,True,True,False
26,006b146db16826188b01c3daf4df04f07e4fb3b5a5742b6b41972767c5686f58,659,124,169,206,False,0,False,0,False,0,False,5,False,False,False,False,False
27,006b146db16826188b01c3daf4df04f07e4fb3b5a5742b6b41972767c5686f58,659,124,169,206,False,0,False,0,False,0,False,5,False,False,False,False,False
28,089044677a2725774b1efc74ed6ba488b78bd82bc5e433801920e11cd65f7450,939,213,266,307,False,0,False,0,False,0,False,10,False,False,False,False,False
29,089044677a2725774b1efc74ed6ba488b78bd82bc5e433801920e11cd65f7450,939,213,266,307,False,0,False,0,False,0,False,10,False,False,False,False,False
30,089044677a2725774b1efc74ed6ba488b78bd82bc5e433801920e11cd65f7450,939,213,266,307,False,0,False,0,False,0,False,10,False,False,False,False,False
31,089044677a2725774b1efc74ed6ba488b78bd82bc5e433801920e11cd65f7450,939,213,266,307,False,0,False,0,False,0,False,10,False,False,False,False,False
32,089044677a2725774b1efc74ed6ba488b78bd82bc5e433801920e11cd65f7450,939,213,266,307,False,0,False,0,False,0,False,10,False,False,False,False,False
33,089044677a2725774b1efc74ed6ba488b78bd82bc5e433801920e11cd65f7450,939,213,266,307,False,0,False,0,False,0,False,10,False,False,False,False,False
34,089044677a2725774b1efc74ed6ba488b78bd82bc5e433801920e11cd65f7450,939,213,266,307,False,0,False,0,False,0,False,10,False,False,False,False,False
35,089044677a2725774b1efc74ed6ba488b78bd82bc5e433801920e11cd65f7450,939,213,266,307,False,0,False,0,False,0,False,10,False,False,False,False,False
36,089044677a2725774b1efc74ed6ba488b78bd82bc5e433801920e11cd65f7450,939,213,266,307,False,0,False,0,False,0,False,10,False,False,False,False,False
37,089044677a2725774b1efc74ed6ba488b78bd82bc5e433801920e11cd65f7450,939,213,266,307,False,0,False,0,False,0,False,10,False,False,False,False,False
40,3caa8c11d82e6d3f4164d14e1f05e028c3f6e712eef5bf534a18b6f89bf9c029,8,1,5,6,False,0,False,0,False,0,False,1,False,False,False,False,False
41,006b146db16826188b01c3daf4df04f07e4fb3b5a5742b6b41972767c5686f58,659,124,169,206,False,0,False,0,False,0,False,5,False,False,False,False,False
42,57add6cd692137b657fa6c97c80dcb717e60e0663c40a9a2c5a01cb911390d11,3,1,1,2,False,0,False,0,False,0,False,1,False,False,False,False,False
43,939dcd7520cef4a3e3d5c8e752ac6d580307c8405ab6d5b6f29576dedf7b6abe,1239,269,352,406,False,0,False,0,False,0,False,15,False,True,True,True,False
44,3616030dfc34156e545d7ea6eb85522b878ee90c858a95fdf1ef4d48d4759463,683,128,165,166,False,0,False,0,False,0,False,1,False,False,False,False,False
45,006b146db16826188b01c3daf4df04f07e4fb3b5a5742b6b41972767c5686f58,659,124,169,206,False,0,False,0,False,0,False,5,False,False,False,False,False
46,006b146db16826188b01c3daf4df04f07e4fb3b5a5742b6b41972767c5686f58,659,124,169,206,False,0,False,0,False,0,False,5,False,False,False,False,False
47,6ab8f052be78298d382155f845b1e18a7ced3c25ba434e449d2863eb061647e4,3377,677,910,1076,False,0,False,0,False,0,False,3,True,True,True,True,True
49,c9561ad850a822941db1f4e8e21e171aba9a7f6cb227357d1d953e1b943fb3d0,3387,678,915,1081,False,0,False,0,False,0,False,1,False,False,False,False,False
52,e7d58d29e951ef40b8666f758c28898a48f24881d7edeb8eaa987ffc6c2ff2f2,909,170,228,278,False,0,False,0,False,0,False,4,True,True,True,True,True
53,e7d58d29e951ef40b8666f758c28898a48f24881d7edeb8eaa987ffc6c2ff2f2,909,170,228,278,False,0,False,0,False,0,False,4,True,True,True,True,True
54,10d810bf15200988f245d57ce1450eff9bda56da7a5c8d2ad147e75a2d152b3a,2554,570,714,831,False,0,False,0,False,0,False,1,False,False,False,False,False
55,939dcd7520cef4a3e3d5c8e752ac6d580307c8405ab6d5b6f29576dedf7b6abe,1239,269,352,406,False,0,False,0,False,0,False,15,False,True,True,True,False
56,939dcd7520cef4a3e3d5c8e752ac6d580307c8405ab6d5b6f29576dedf7b6abe,1239,269,352,406,False,0,False,0,False,0,False,15,False,True,True,True,False
58,939dcd7520cef4a3e3d5c8e752ac6d580307c8405ab6d5b6f29576dedf7b6abe,1239,269,352,406,False,0,False,0,False,0,False,15,False,True,True,True,False
59,939dcd7520cef4a3e3d5c8e752ac6d580307c8405ab6d5b6f29576dedf7b6abe,1239,269,373,430,False,0,False,0,False,0,False,15,False,True,True,True,False
60,1bc7b22f3bb715f041f9a633678c8caf41e62a0392a2655684b7624587ee1649,112,26,32,34,False,0,False,0,False,0,False,3,True,False,False,False,False
61,ac50db6758ec7ca0407bc97bffaada9bbdf837031a85041ce347772c653c4c94,22,5,5,5,False,0,False,0,False,0,False,2,False,False,False,False,False
62,ac50db6758ec7ca0407bc97bffaada9bbdf837031a85041ce347772c653c4c94,22,5,5,5,False,0,False,0,False,0,False,2,False,False,False,False,False
63,0a6003179229e76b65a3f8edf43b72abf3fcaa6850300d4713b6f4e9e1281d26,26,6,6,8,False,0,False,0,False,0,False,1,False,False,False,False,False
64,559d0470337b3b3afd5519bcd371ebce22cb779a85166eba50efcac843af1aa0,2282,485,709,800,False,0,False,0,False,0,False,3,True,False,False,False,False
65,559d0470337b3b3afd5519bcd371ebce22cb779a85166eba50efcac843af1aa0,2282,485,709,800,False,0,False,0,False,0,False,3,True,False,False,False,False
66,88f5457c90a4b07bed0d6edb9c884a1d07a1ff34454cba73bec3e62babf0ea3e,527,118,145,175,False,0,False,0,False,0,False,3,True,True,True,True,True
67,94755e477ddc590d85660ee74690829a8e14572a784b4c6e7e666713d6531971,140,39,49,52,False,0,True,1,True,1,True,3,True,True,True,True,True
68,abe1b6f90178e4a0257923cc88eca6511ca29eda7b60744f02205665530df7ea,3849,788,1170,1369,False,0,True,1,True,1,True,3,True,True,True,True,True
69,04bed62bbf8094f8088fb14ee16384e472b8cf7205b3dc91dd5e8ec2971560de,1309,276,588,636,False,0,True,1,True,1,True,3,True,True,True,True,True
70,0047cc18ae0daf10db0745c2616ee828db36c73306f4ea834618e8a18f36f199,413,93,120,138,False,0,False,0,False,0,False,4,True,True,True,True,True
71,0047cc18ae0daf10db0745c2616ee828db36c73306f4ea834618e8a18f36f199,413,93,120,138,False,0,True,1,True,1,True,4,True,True,True,True,True
72,04bed62bbf8094f8088fb14ee16384e472b8cf7205b3dc91dd5e8ec2971560de,1309,276,588,636,False,0,False,0,False,0,False,3,True,True,True,True,True
73,8992a50e589218b184052198320f43710710d9fdb94be64ce62f1c1a292eb237,933,203,271,313,False,0,True,1,False,0,True,4,True,True,True,True,True
74,8992a50e589218b184052198320f43710710d9fdb94be64ce62f1c1a292eb237,933,203,271,313,False,0,True,1,False,0,True,4,True,True,True,True,True
75,660011a54268da801027c0e6220ae2af6827dd55fbe854d03c14329c9575e8d1,3097,635,822,951,False,0,False,0,True,1,True,3,True,True,True,True,True
76,0047cc18ae0daf10db0745c2616ee828db36c73306f4ea834618e8a18f36f199,413,93,120,138,False,0,True,1,False,0,True,4,True,True,True,True,True
77,8992a50e589218b184052198320f43710710d9fdb94be64ce62f1c1a292eb237,933,203,271,313,False,0,True,1,True,1,True,4,True,True,True,True,True
78,660011a54268da801027c0e6220ae2af6827dd55fbe854d03c14329c9575e8d1,3097,635,822,951,False,0,True,1,True,1,True,3,True,True,True,True,True
82,b08fdbf74487c0f555f79ec6894b56f595fb66b934a7c3571d4321d6ec135ced,1957,419,564,649,False,0,True,1,True,1,True,2,True,True,True,True,True
83,9b385611cdfdec1e8aa09f6a8086a25e6045c4d498884d6e2bbc90d260b328b7,1540,286,455,538,False,0,True,1,True,1,True,3,True,True,True,True,True
84,f8988ea1a69b7d606c9cc9cd19258a695e0d9db7e7d41a8ebdd2e5184e5a535f,1240,243,343,401,False,0,False,0,False,0,False,3,True,True,True,True,True
85,f8988ea1a69b7d606c9cc9cd19258a695e0d9db7e7d41a8ebdd2e5184e5a535f,1240,243,343,401,False,0,True,1,True,1,True,3,True,True,True,True,True
86,6485dc47bf96448d42c67c4f4e90bd51f1d1dbaaf3edc63ed5b7d3cac1a88c6a,127,23,38,45,False,0,True,1,True,1,True,2,True,True,True,True,True
87,5d210db456e4c5675f9e3665823feb0baa20fc464a7693b21fdbe63dab283948,1760,411,496,566,False,0,False,0,False,0,False,3,True,True,False,True,True
88,5d210db456e4c5675f9e3665823feb0baa20fc464a7693b21fdbe63dab283948,1760,411,496,566,False,0,True,1,False,0,True,3,True,True,False,True,True
89,765df969ad10afa6a81761765b2c5311bb7b063c578d0626372a6a4c4f089612,5797,1311,1748,1969,False,0,True,1,True,1,True,2,True,True,True,True,True
90,94755e477ddc590d85660ee74690829a8e14572a784b4c6e7e666713d6531971,140,39,49,52,False,0,True,1,True,1,True,3,True,True,True,True,True
91,102bb35c479b02082448aa763a3b7abb18704ecb51f9eb545213795b127e9e90,1099,217,309,362,False,0,True,1,True,1,True,2,True,True,True,True,True
92,426ef2b7ba17db1ae740f5815304675263d67156d22ebbe7c541b1024131c069,240,52,71,77,False,0,True,1,False,0,True,2,True,True,False,True,True
93,0be1574eb7a86e9cbd43cf4990f132508fbe10026c2b76c90f82b91fa0bbcc9c,328,54,99,114,False,0,True,1,True,1,True,3,True,True,True,True,True
94,0be1574eb7a86e9cbd43cf4990f132508fbe10026c2b76c90f82b91fa0bbcc9c,328,54,99,114,False,0,True,1,True,1,True,3,True,True,True,True,True
95,88f5457c90a4b07bed0d6edb9c884a1d07a1ff34454cba73bec3e62babf0ea3e,527,118,145,175,False,0,True,1,True,1,True,3,True,True,True,True,True
96,12338b85be6e5fb17b857412b986635624479c90764450f760be93323e53e240,631,125,180,212,False,0,True,1,True,1,True,2,True,True,True,True,True
97,dbe349af7f0e935ca695f536c51976354203dc47498c7f8865676598a2f632ec,376,81,111,128,False,0,True,1,True,1,True,2,True,True,True,True,True
98,a87fd6a2360e559968e83b2ebad156ac3b0333bd3e25a17ac15262664d81b192,850,165,228,264,False,0,False,0,False,0,False,3,True,True,True,True,True
99,a87fd6a2360e559968e83b2ebad156ac3b0333bd3e25a17ac15262664d81b192,850,165,228,264,False,0,True,1,True,1,True,3,True,True,True,True,True
100,347c0ecf7407c78677e686a261bde20f9ee2b21b04c71e677c034fa24b33ca90,263,56,71,78,False,0,True,1,False,0,True,3,True,True,True,True,True
101,347c0ecf7407c78677e686a261bde20f9ee2b21b04c71e677c034fa24b33ca90,263,56,71,78,False,0,False,0,True,1,True,3,True,True,True,True,True
102,5116726cd4355b61099615493de4addc92eed9271d1267656428761cfdd41d8a,777,157,233,272,False,0,True,1,True,1,True,2,True,True,True,True,True
103,1a40ef21df8c23e3f9e6e9ad298c8c331bba14e13bdeceb53922402e929da0ea,3998,906,1080,1249,False,0,True,1,True,1,True,2,True,True,True,True,True
104,3864665853f97cd04fe31f3b743eee60a537179693c967cb743ff80c25dc9d3f,1202,253,322,392,False,0,True,1,True,1,True,2,True,True,True,True,True
105,abe1b6f90178e4a0257923cc88eca6511ca29eda7b60744f02205665530df7ea,3849,788,1170,1369,False,0,False,0,False,0,False,3,True,True,True,True,True
106,0529c918dbc1c3d8bb577e6e1ff0542c65741418009e80a2dc888f0bbd26bf45,3222,675,915,1065,False,0,True,1,False,0,True,4,True,True,True,True,True
107,ab4f91f6f80a6b0a116bac80d08bc32798887baeeeb577a0a17f60ce4d111f4b,326,68,92,105,False,0,True,1,True,1,True,2,True,True,True,True,True
108,eb2e1af17d994044e7ad6dfc5fa6367a32f135c603f3da63ae2e7a9f1948e158,2512,516,732,811,False,0,False,0,True,1,True,2,True,False,True,True,True
109,0529c918dbc1c3d8bb577e6e1ff0542c65741418009e80a2dc888f0bbd26bf45,3222,675,915,1065,False,0,False,0,False,0,False,4,True,True,True,True,True
110,0529c918dbc1c3d8bb577e6e1ff0542c65741418009e80a2dc888f0bbd26bf45,3222,675,915,1065,False,0,False,0,True,1,True,4,True,True,True,True,True
111,db05d340c71f43e67cb4699f935dc4d5a3f1c2c61de41faa65944d355b5f21b9,959,196,256,308,False,0,True,1,True,1,True,2,True,True,True,True,True
112,146e57eee630c6f33606058994e43b2e9e07972ada97bb05289ec7d623534707,3869,829,1093,1271,False,0,True,1,True,1,True,2,True,True,True,True,True
113,8ac4e88a26932c023192a82ed5848f4f2e3b4c3b6b7306961ce888ec0306dd2a,2377,478,597,723,False,0,True,1,True,1,True,1,False,True,True,True,False
114,d80f947e263baf378c3eb62d7e67c80bf806b8a283cc0abc220bc0fcccee972d,799,175,214,259,False,0,True,1,True,1,True,2,True,True,True,True,True
115,c3f64487fa8be03c30b48efbfe180445754281bf8bce4572a17cb36ef948588e,1013,212,298,357,False,0,True,1,True,1,True,2,True,True,True,True,True
116,478de6acdfbbf0fd9e31adfd32138882f5bb7b08cf0fc790cf910d4d511d15f0,7599,1509,2153,2557,False,0,True,1,True,1,True,2,True,True,True,True,True
117,e7d58d29e951ef40b8666f758c28898a48f24881d7edeb8eaa987ffc6c2ff2f2,909,170,227,277,False,0,True,1,True,1,True,4,True,True,True,True,True
118,525659f601ce54f3dfc4f125ad0b0a45a171a072ea0536d0101c7dbcee2c8cd6,916,183,270,309,False,0,True,1,True,1,True,3,True,True,True,True,True
119,525659f601ce54f3dfc4f125ad0b0a45a171a072ea0536d0101c7dbcee2c8cd6,916,183,270,309,False,0,False,0,False,0,False,3,True,True,True,True,True
120,0d9e282fda9496fb8daa610067ec4c6d42794f5cd214608a9544797e853bd218,1636,317,448,532,False,0,True,1,True,1,True,1,False,True,True,True,False
122,091d991e36f0e73c18f921da5571f2f48cbe5ce4ef104fdde8962d30007bb742,265,59,84,92,False,0,True,1,True,1,True,2,True,True,True,True,True
123,6ab8f052be78298d382155f845b1e18a7ced3c25ba434e449d2863eb061647e4,3377,677,909,1075,False,0,True,1,True,1,True,3,True,True,True,True,True
124,75f2899cfe0692256b9eddb2f4658cfad47e0e86658570bddb79551aea13675c,491,86,145,171,False,0,True,1,True,1,True,2,True,True,True,True,True
125,0b74b4bb257001056e2e1268d147a3470b309da0d93c36b70d04fb0c980fb348,1063,218,296,341,False,0,True,1,False,0,True,3,True,True,True,True,True
126,2562da0c894701ed80f4ab63d1fa7fd2a02561b3973d420df0904175d8944e21,3150,659,851,981,False,0,True,1,True,1,True,1,False,True,True,True,False
127,fe8f84c66e7a8cf3112034bcb1251c5bed82314899fcd874ca2f24590a717f66,793,147,224,258,False,0,True,1,True,1,True,1,False,True,True,True,False
128,0b74b4bb257001056e2e1268d147a3470b309da0d93c36b70d04fb0c980fb348,1063,218,296,341,False,0,False,0,True,1,True,3,True,True,True,True,True
129,964837b131f0a92bc12108664cd403773b153679a850909be9da8bab008dfe86,359,82,153,161,False,0,True,1,True,1,True,2,True,True,True,True,True
130,e59de124290610e0eb26aeb221715e97853e773165b20b6a0a8be2831a129e4a,3117,678,853,999,False,0,True,1,True,1,True,2,True,True,True,True,True
131,741ba602b41155fc306f9d3d1b777f31e2cb94a8ebd91833d4019a8ff713730b,404,92,110,128,False,0,True,1,True,1,True,2,True,True,True,True,True
132,4ac33b50b125e77b265fd52a41cb4917f47e2383e2b8a58fd9cd2060d5372888,2525,531,686,796,False,0,False,0,False,0,False,3,True,False,False,False,False
133,4ac33b50b125e77b265fd52a41cb4917f47e2383e2b8a58fd9cd2060d5372888,2525,531,686,796,False,0,False,0,False,0,False,3,True,False,False,False,False
135,7fe5f6af8ace424bb03cc5790cb4a7880c023440ddc0b1c4b239eb0009a187d5,306,63,87,101,False,0,False,0,False,0,False,3,True,False,False,False,False
136,7fe5f6af8ace424bb03cc5790cb4a7880c023440ddc0b1c4b239eb0009a187d5,306,63,87,101,False,0,False,0,False,0,False,3,True,False,False,False,False
137,7fe5f6af8ace424bb03cc5790cb4a7880c023440ddc0b1c4b239eb0009a187d5,306,63,87,101,True,3,False,0,False,0,False,3,True,False,False,False,False
138,741ba602b41155fc306f9d3d1b777f31e2cb94a8ebd91833d4019a8ff713730b,404,92,111,129,True,3,False,0,False,0,False,2,True,True,True,True,True
139,94755e477ddc590d85660ee74690829a8e14572a784b4c6e7e666713d6531971,140,39,49,52,True,3,False,0,False,0,False,3,True,True,True,True,True
140,88f5457c90a4b07bed0d6edb9c884a1d07a1ff34454cba73bec3e62babf0ea3e,527,118,146,176,True,3,False,0,False,0,False,3,True,True,True,True,True
141,559d0470337b3b3afd5519bcd371ebce22cb779a85166eba50efcac843af1aa0,2282,485,709,800,True,3,False,0,False,0,False,3,True,False,False,False,False
142,abe1b6f90178e4a0257923cc88eca6511ca29eda7b60744f02205665530df7ea,3849,788,1172,1371,True,3,False,0,False,0,False,3,True,True,True,True,True
143,bb3509ad7b5599e408555ac3facab9e1fb4d95542c93336e051779f2106d43cf,775,143,203,250,True,3,False,0,False,0,False,1,True,False,False,False,False
144,04bed62bbf8094f8088fb14ee16384e472b8cf7205b3dc91dd5e8ec2971560de,1309,276,589,637,True,3,False,0,False,0,False,3,True,True,True,True,True
145,6ab8f052be78298d382155f845b1e18a7ced3c25ba434e449d2863eb061647e4,3377,677,914,1080,True,3,False,0,False,0,False,3,True,True,True,True,True
146,1e61b53da35d870262cc78e7e5fe2fa568247d047e26df58a7aa751807c428b5,511,105,149,173,True,3,False,0,False,0,False,1,True,False,False,False,False
147,0047cc18ae0daf10db0745c2616ee828db36c73306f4ea834618e8a18f36f199,413,93,120,138,True,3,False,0,False,0,False,4,True,True,True,True,True
148,b08fdbf74487c0f555f79ec6894b56f595fb66b934a7c3571d4321d6ec135ced,1957,419,568,653,True,3,False,0,False,0,False,2,True,True,True,True,True
149,b20beb4ed3eedf2b3ddb25faada2c1d89c0d49208a33726ca9031420764c7ac9,795,187,240,271,False,0,False,0,False,0,False,2,True,False,False,False,False
150,18b2c7811175b5efec9fb365de08a4f0017f636657a55f64d62503007eae234e,179,43,52,59,True,3,False,0,False,0,False,1,True,False,False,False,False
151,6485dc47bf96448d42c67c4f4e90bd51f1d1dbaaf3edc63ed5b7d3cac1a88c6a,127,23,38,45,True,3,False,0,False,0,False,2,True,True,True,True,True
152,9b385611cdfdec1e8aa09f6a8086a25e6045c4d498884d6e2bbc90d260b328b7,1540,286,455,539,False,0,False,0,False,0,False,3,True,True,True,True,True
153,c6e8871c1c10f313aca96c9b96df2151585cfd3db120008b954d1408fb097de3,919,184,243,293,False,0,False,0,False,0,False,2,True,False,False,False,False
154,eb2e1af17d994044e7ad6dfc5fa6367a32f135c603f3da63ae2e7a9f1948e158,2512,516,734,813,True,3,False,0,False,0,False,2,True,False,True,True,True
155,d80f947e263baf378c3eb62d7e67c80bf806b8a283cc0abc220bc0fcccee972d,799,175,215,260,True,3,False,0,False,0,False,2,True,True,True,True,True
156,5116726cd4355b61099615493de4addc92eed9271d1267656428761cfdd41d8a,777,157,234,273,True,3,False,0,False,0,False,2,True,True,True,True,True
157,d4829a9902263962d548694b643d16db06fd900f264ad16585843ad0a2ea7d69,521,105,139,167,True,3,False,0,False,0,False,1,True,False,False,False,False
158,820bb53ece735467b4f8f23820870ddedea0c055985d868b8bb7c506226630d9,110,27,37,38,True,3,False,0,False,0,False,1,True,False,False,False,False
159,91cd53ed1d84f506a29029aa8cf5ee44acc4cd863e9138d845842287ab3b566c,491,105,132,148,True,3,False,0,False,0,False,1,True,False,False,False,False
160,e449b71f92b5980d5efe6b11c485ef9c385542ad1f5b2bf7428aa3a0c3295bd1,3363,721,881,1018,True,3,False,0,False,0,False,1,True,False,False,False,False
161,3864665853f97cd04fe31f3b743eee60a537179693c967cb743ff80c25dc9d3f,1202,253,323,393,True,3,False,0,False,0,False,2,True,True,True,True,True
162,db05d340c71f43e67cb4699f935dc4d5a3f1c2c61de41faa65944d355b5f21b9,959,196,257,309,True,3,False,0,False,0,False,2,True,True,True,True,True
163,75f2899cfe0692256b9eddb2f4658cfad47e0e86658570bddb79551aea13675c,491,86,146,172,True,3,False,0,False,0,False,2,True,True,True,True,True
164,b4dbc0577eff4bf83fe48dbec0e87c42148cdc337abffc7c39f5668ea2bdaec2,125,31,35,41,True,3,False,0,False,0,False,1,True,False,False,False,False
165,754c9234ffe764a42db41563bce3796f1a7beaa953645954c2e5d5511f0c5c8a,802,195,224,254,True,3,False,0,False,0,False,1,True,False,False,False,False
166,d7d3fc22f0b121274f11af74a4e242a068f290a85a88a994773ac87998fef1e0,614,142,173,207,True,3,False,0,False,0,False,1,True,False,False,False,False
167,e5622a9e1abb930be41155d50bab323bd7e46afad2dcff34807300d92916145a,93,17,32,36,True,3,False,0,False,0,False,1,True,False,False,False,False
168,dbe349af7f0e935ca695f536c51976354203dc47498c7f8865676598a2f632ec,376,81,111,128,True,3,False,0,False,0,False,2,True,True,True,True,True
169,41c443018f2258ae4114e9a1c50278463299a184760104a5da12bd1ec6b704da,424,89,129,150,True,3,False,0,False,0,False,1,True,False,False,False,False
170,f9ed6d4c0492a08851cf606ddcd1fb13ed7d5e17eb7dd88f5fd0fe353b17c636,1370,283,408,468,True,3,False,0,False,0,False,1,True,False,False,False,False
171,be4fc6e3c8898e8b48f616a615ede4d93e88daea0bf298288ea4972e77560364,1243,254,370,414,True,3,False,0,False,0,False,1,True,False,False,False,False
172,660011a54268da801027c0e6220ae2af6827dd55fbe854d03c14329c9575e8d1,3097,635,825,954,True,3,False,0,False,0,False,3,True,True,True,True,True
173,102bb35c479b02082448aa763a3b7abb18704ecb51f9eb545213795b127e9e90,1099,217,310,363,True,3,False,0,False,0,False,2,True,True,True,True,True
174,a87fd6a2360e559968e83b2ebad156ac3b0333bd3e25a17ac15262664d81b192,850,165,228,264,True,3,False,0,False,0,False,3,True,True,True,True,True
175,f8988ea1a69b7d606c9cc9cd19258a695e0d9db7e7d41a8ebdd2e5184e5a535f,1240,243,344,402,True,3,False,0,False,0,False,3,True,True,True,True,True
176,4d34c1ade5f1892bae9c3e1f247dc5073f78dbc8e56ab7dc09e616b24d72de0e,232,35,72,80,True,3,False,0,False,0,False,1,True,False,False,False,False
177,cc680ffe5748e3df24340b163718f147a42d723aa17c700b9f67469df7ed67ee,9140,1867,2607,3039,True,3,False,0,False,0,False,1,True,False,False,False,False
178,5434a3e24058539765e49cf005654feaac6fba0b5b2e3cd3325df28291721d72,10422,2066,2962,3444,True,3,False,0,False,0,False,1,True,False,False,False,False
179,bc27b4f02bb6068afd0d2719f8b2fdc223cd4f690ff68e09ca02f89ddab427db,233,43,53,60,True,3,False,0,False,0,False,1,True,False,False,False,False
180,b793b5db580ebe833e6660a44a0bd320268f3a5f1dae41c5e3db42195a03d3f4,2372,459,697,798,True,3,False,0,False,0,False,1,True,False,False,False,False
181,ade0db71959a11d991e732121235564162bf00fe161b96e082064f3d20127a5b,1878,390,533,613,True,3,False,0,False,0,False,1,True,False,False,False,False
182,5d210db456e4c5675f9e3665823feb0baa20fc464a7693b21fdbe63dab283948,1760,411,496,566,True,3,False,0,False,0,False,3,True,True,False,True,True
183,c3f64487fa8be03c30b48efbfe180445754281bf8bce4572a17cb36ef948588e,1013,212,300,358,True,3,False,0,False,0,False,2,True,True,True,True,True
184,ab4f91f6f80a6b0a116bac80d08bc32798887baeeeb577a0a17f60ce4d111f4b,326,68,92,105,True,3,False,0,False,0,False,2,True,True,True,True,True
185,e7d58d29e951ef40b8666f758c28898a48f24881d7edeb8eaa987ffc6c2ff2f2,909,170,230,280,True,3,False,0,False,0,False,4,True,True,True,True,True
186,12338b85be6e5fb17b857412b986635624479c90764450f760be93323e53e240,631,125,180,212,True,3,False,0,False,0,False,2,True,True,True,True,True
187,091d991e36f0e73c18f921da5571f2f48cbe5ce4ef104fdde8962d30007bb742,265,59,84,92,True,3,False,0,False,0,False,2,True,True,True,True,True
188,0b74b4bb257001056e2e1268d147a3470b309da0d93c36b70d04fb0c980fb348,1063,218,296,341,True,3,False,0,False,0,False,3,True,True,True,True,True
189,c26336e3d6b7577abdedccc875a442c457750111d973304bb760b780351db3ef,3129,609,879,1004,True,3,False,0,False,0,False,1,True,False,False,False,False
190,426ef2b7ba17db1ae740f5815304675263d67156d22ebbe7c541b1024131c069,240,52,72,78,True,3,False,0,False,0,False,2,True,True,False,True,True
191,e647ee13c81b3e92371edf81997128cceee544ddda5f159703d38c41382e3b51,2194,481,662,761,True,3,False,0,False,0,False,1,True,False,False,False,False
192,ec018ee3b61de9617330b8ff0b81c8b94a0cc0a4c65bf19f3208aaa50c6a5fe7,1139,246,314,361,True,3,False,0,False,0,False,1,True,False,False,False,False
193,e59de124290610e0eb26aeb221715e97853e773165b20b6a0a8be2831a129e4a,3117,678,853,999,True,3,False,0,False,0,False,2,True,True,True,True,True
194,347c0ecf7407c78677e686a261bde20f9ee2b21b04c71e677c034fa24b33ca90,263,56,71,78,True,3,False,0,False,0,False,3,True,True,True,True,True
195,8992a50e589218b184052198320f43710710d9fdb94be64ce62f1c1a292eb237,933,203,274,316,True,3,False,0,False,0,False,4,True,True,True,True,True
196,1bc7b22f3bb715f041f9a633678c8caf41e62a0392a2655684b7624587ee1649,112,26,33,35,True,3,False,0,False,0,False,3,True,False,False,False,False
197,1a40ef21df8c23e3f9e6e9ad298c8c331bba14e13bdeceb53922402e929da0ea,3998,906,1084,1254,True,3,False,0,False,0,False,2,True,True,True,True,True
198,e90778e37fbbcaf6832c382d0c7cef8bc7749b331b2f1e3efbd6205c3863f3d6,447,90,113,135,True,3,False,0,False,0,False,1,True,False,False,False,False
199,525659f601ce54f3dfc4f125ad0b0a45a171a072ea0536d0101c7dbcee2c8cd6,916,183,270,309,True,3,False,0,False,0,False,3,True,True,True,True,True
200,0af56dc2d83d0a7f06fa123e7318ded9488bd95778cef8f83a75a867403f7b84,2699,518,713,853,True,3,False,0,False,0,False,1,True,False,False,False,False
201,146e57eee630c6f33606058994e43b2e9e07972ada97bb05289ec7d623534707,3869,829,1096,1274,True,3,False,0,False,0,False,2,True,True,True,True,True
202,32c455edb89cd6941eedabb72048e4a1f3fd07984a2e3a0e30f71771cd5d58f4,1705,361,520,593,True,3,False,0,False,0,False,1,True,False,False,False,False
203,478de6acdfbbf0fd9e31adfd32138882f5bb7b08cf0fc790cf910d4d511d15f0,7599,1509,2161,2564,True,3,False,0,False,0,False,2,True,True,True,True,True
204,4ac33b50b125e77b265fd52a41cb4917f47e2383e2b8a58fd9cd2060d5372888,2525,531,686,796,True,3,False,0,False,0,False,3,True,False,False,False,False
205,964837b131f0a92bc12108664cd403773b153679a850909be9da8bab008dfe86,359,82,154,162,True,3,False,0,False,0,False,2,True,True,True,True,True
206,765df969ad10afa6a81761765b2c5311bb7b063c578d0626372a6a4c4f089612,5797,1311,1751,1972,True,3,False,0,False,0,False,2,True,True,True,True,True
207,2d52a506de012c843d2fc9d29acf30f877341d07aa192b6263a272caa4d62fe2,72,15,19,24,True,3,False,0,False,0,False,1,True,False,False,False,False
208,0529c918dbc1c3d8bb577e6e1ff0542c65741418009e80a2dc888f0bbd26bf45,3222,675,919,1069,True,3,False,0,False,0,False,4,True,True,True,True,True
209,ceb7be2e08bbacface03c247942ba8420ece4d3f949f148ceaa769d0e147f527,2322,472,629,722,True,3,False,0,False,0,False,1,True,False,False,False,False
210,dc35efba5a4907818e8ef9e7bf088dc4dc5a0db0c437cdc224b0c8f930ef2a2c,2084,421,537,621,True,3,False,0,False,0,False,1,True,False,False,False,False
211,f3e1c220b2c8e4967687cf3380017102bbcae1869b7afc4015f37bbc848360d7,3711,796,1128,1297,True,3,False,0,False,0,False,1,True,False,False,False,False
212,aea351f78c3a6e63d2a92c12b343a2ffbdc3129e2af70235f1801bce57df8578,1634,317,448,532,True,3,False,0,False,0,False,1,True,False,False,False,False
213,01b7c9dbe563acced6e02a8b4430861c96b0e6dfc5c8f07d9c5f4c5c90cc360c,3148,658,849,982,True,3,False,0,False,0,False,1,True,False,False,False,False
214,0be1574eb7a86e9cbd43cf4990f132508fbe10026c2b76c90f82b91fa0bbcc9c,328,54,99,114,True,3,False,0,False,0,False,3,True,True,True,True,True
215,4a6e8335d5b9c9af8a75bba725cb32199c783037a3402190413c92638fe6b41c,2522,497,643,755,True,3,False,0,False,0,False,1,True,False,False,False,False
216,7b893ae61e9e03a3b7f99ce8ea9e42962e9d3ae1e9ad9b56af3a5a6fd1636479,36,8,12,14,True,3,False,0,False,0,False,1,True,False,False,False,False
217,7ead8896431f39c9790cedfec030d14fe4b672045e336ebc816ab4756bc7202e,791,146,224,258,True,3,False,0,False,0,False,1,True,False,False,False,False
218,ad21a7ca51960afe083a31e1133777563087ee782829be8219097b16f2ea8728,3579,734,997,1155,True,3,False,0,False,0,False,1,True,False,False,False,False
219,c03db4dd06c64c6044db39205fd1aff88981c2faeeb3416fadeadc3f35853042,1875,394,505,591,True,3,False,0,False,0,False,1,True,False,False,False,False
220,f20672be87485c65d68793ec4267eb6154fddbeab693b2613eff5aec2d3ffc50,2375,477,596,722,True,3,False,0,False,0,False,1,True,False,False,False,False
221,dd983389b8218ded6d8f8fabfde928f0ced607c0240c7e8474ede5f8a50ecca4,521,108,150,173,True,3,False,0,False,0,False,1,True,False,False,False,False
222,2a10e497f5b96ae6338fe9d16e2a10d0aa6ad316510b128119c85307601d3e33,5483,1219,1588,1816,True,3,False,0,False,0,False,1,True,False,False,False,False
223,81f3024fd900a2e6278387f92601fc771e3779b931cedbb4b35cb8bab031d553,2069,473,569,667,True,3,False,0,False,0,False,1,True,False,False,False,False
224,acfaaf5bf09e7ff9b225e528797812710e202efbe2e1bdfc85875a5014fcfffe,3952,843,1089,1249,True,3,False,0,False,0,False,1,True,False,False,False,False
225,31531aab2458ab341dbeb6ffb163f382a918771b80d9dd9f5f55c8414a749304,7374,1617,2096,2413,True,3,False,0,False,0,False,1,True,False,False,False,False
226,077d0ff7b9201a64c54475707398d8e90b247f142ef183e1ccfb6e13fedb25c6,5623,1230,1666,1883,True,3,False,0,False,0,False,1,True,False,False,False,False
227,43e5261d78441ed26d04139cf9e95a7054dae94766f2f039ff053cc921d82e57,707,137,191,222,True,3,False,0,False,0,False,1,True,False,False,False,False
228,0bc47d902d56cb3f3debbc5e954bb39e6ae27b3764bfccca6d3db4c4fd3414b8,741,147,200,249,True,3,False,0,False,0,False,1,True,False,False,False,False
229,c021439967dc9e3a93923122aca6221e8cef9fd80a527fb1e13d18d94b814deb,864,159,216,265,False,0,False,0,False,0,False,2,True,False,False,False,False
230,1ba76a911e1e803edaaa05ede51e86f14dc19e8fdfea0a8e6124443ac308f5d8,1753,341,469,546,True,3,False,0,False,0,False,1,True,False,False,False,False
231,37aa2c16a17cacdded83fc375aabf3e1e92713d323061de147e955e9c29ef0d7,860,189,239,277,True,3,False,0,False,0,False,1,True,False,False,False,False
232,0c3dc91447501629b7f76bd6d596fb7a42e0108e4751b13a9df34d6c6a3ee59e,2325,511,728,815,True,3,False,0,False,0,False,1,True,False,False,False,False
233,d6383e400ff7924d35379cf46dc420484e12d579912d0ec1a1933b5cd9d39ff7,312,69,101,115,True,3,False,0,False,0,False,1,True,False,False,False,False
234,2a057c3705a84598e83fc2a1fee5f23cde03ec13c75d34666045bf568fa2fd50,1219,281,358,414,True,3,False,0,False,0,False,1,True,False,False,False,False
235,6663f46deeba07510d616b2ff68b93c3590cfd96a5c85396268b646cedfcdb8c,1628,357,476,564,True,3,False,0,False,0,False,1,True,False,False,False,False
236,1da500e68499e183ad195efe9c95e59327082abbeb5f3b6e09646d125611c2ca,2328,536,727,830,True,3,False,0,False,0,False,1,True,False,False,False,False
237,41cd5ef872ee33f8dc70fdd755b183c9fd0179f646c48ceb67bec829ebd90441,913,191,250,281,True,3,False,0,False,0,False,1,True,False,False,False,False
238,c1c3cd193b7971c7f7166b141ed8ef8a752520de3981eab7be20964cb36baff9,2837,562,753,876,True,3,False,0,False,0,False,1,True,False,False,False,False
239,d9d51e84de68bbe7807db9759a07ca2d87dfd4e367fa9521c354ab61c99af0e1,2887,707,874,990,True,3,False,0,False,0,False,1,True,False,False,False,False
240,400ac620d4ec3106f878a288f60d1b8ffef1384203f9ad20925b459b597420f8,2295,510,687,790,True,3,False,0,False,0,False,1,True,False,False,False,False
241,c9f5cf49550345056a8cfc2e997c60218d472eb2eb241ef03db82d94edbf8dea,742,167,214,243,True,3,False,0,False,0,False,1,True,False,False,False,False
242,04e9b80b5d502fbba0d009ccaeda3034d71aff71cb12a8c1bb002ec79e410755,273,40,66,84,True,3,False,0,False,0,False,1,True,False,False,False,False
243,3f7b0f943cb7bef7df5f98414013162f16af980e2cdb2b968e7c72ec07d4efc6,3508,739,1010,1157,True,3,False,0,False,0,False,1,True,False,False,False,False
244,b17321b46fe9822d14e87477c2123e6975ab3b1f0fd4abdb1ffa722868b36abe,1179,263,332,386,True,3,False,0,False,0,False,1,True,False,False,False,False
245,282aa9503c7b07e2e032b550dfad4fc1ab673ab59690db28f5bdea1ea8e26598,1827,384,533,626,True,3,False,0,False,0,False,1,True,False,False,False,False
246,ccb2171ed27c8afd40a47adaf45195ed2214e78dfb7590281c806e4a17e28067,14,2,4,5,True,3,False,0,False,0,False,1,True,False,False,False,False
247,0f2d513717de5ddc190e74a34b831df7e85db82188c9b438187e9d46412172da,58,11,15,20,True,3,False,0,False,0,False,1,True,False,False,False,False
248,cddb6a0458836aba031d780673f2ed925bf9c12b284a6ed2bc0770d1693892d2,1031,236,300,343,True,3,False,0,False,0,False,1,True,False,False,False,False
249,8051b7121b63fded8ac6d7c5f2a523e35445c146689d17d6ac7b9d095cdae330,2948,613,829,970,True,3,False,0,False,0,False,1,True,False,False,False,False
250,95e00507e8d95f5cbc0bba740351253591308460511e510bb710cd12e696b2b2,2657,633,774,909,True,3,False,0,False,0,False,1,True,False,False,False,False
251,30edfae53a77c97a4101835df9d246f845f8a5adbeecdc49d8262c036977de42,165,34,52,59,True,3,False,0,False,0,False,1,True,False,False,False,False
252,91ea8e9088e7328fdb50838f8cb8ea7b273a3353a13bb25f34ab03514a06a810,258,56,76,85,True,3,False,0,False,0,False,1,True,False,False,False,False
253,3fa14d75041689784c5b58ab42b3eb572d06b1eea3dfb762e6928f23a8f4078e,2319,504,654,757,True,3,False,0,False,0,False,1,True,False,False,False,False
254,5f316bb8d6bf586b46ccbdaedc8d6700b216cdfa1e7f3437c5a91b4cca246b55,241,60,74,83,True,3,False,0,False,0,False,1,True,False,False,False,False
255,fa8b15f1b446754bf5fc4723a543afd40530ebf1e08a6da6de2aca128c46bb64,115,25,33,36,True,3,False,0,False,0,False,1,True,False,False,False,False
256,794098cfdabec87ac071dcd1471c24f62726a6902c7053961ab21c91c62bf466,1671,384,504,570,True,3,False,0,False,0,False,1,True,False,False,False,False
257,451dbe6479e05448daaea867ce6fe8000fab6b622a3b68d9523e6279d39331e3,3312,731,940,1057,True,3,False,0,False,0,False,1,True,False,False,False,False
258,5586c5e498404807b3a3dcac2efab770d59ed2e9cc99e292dd31304ac7a47a59,205,46,62,69,True,3,False,0,False,0,False,1,True,False,False,False,False
259,62359497f48ec8dd5347738047578831d119115e917bf522fc30c8be697ee777,185,46,54,61,True,3,False,0,False,0,False,1,True,False,False,False,False
260,65a9b4467f71107ffcac54532d5865165e45e46a340056fb537df7adaa2dce1a,2507,524,727,866,True,3,False,0,False,0,False,1,True,False,False,False,False
261,fa719044d86dac0023a18b323beff34ee8ca286d6530a913954871f969667fc5,4372,967,1252,1468,True,3,False,0,False,0,False,1,True,False,False,False,False
262,5579c86acc001720b78755702d704d66420b676a983ce07dc49f8937beda716c,1961,448,568,663,True,3,False,0,False,0,False,1,True,False,False,False,False
263,c53a59df27190ba60f53af90c36d891548d3ec890c44c2e735847abadacaede3,1424,321,432,503,True,3,False,0,False,0,False,1,True,False,False,False,False
264,7925e99c465532ef60d14d0394097ad52d095454abb56e4bb3bf2de591654157,1375,258,454,509,True,3,False,0,False,0,False,1,True,False,False,False,False
265,272ffe39044269925166feea16360c218c10380eaa3ca1c09b61ea98a0204081,3195,633,853,1008,True,3,False,0,False,0,False,1,True,False,False,False,False
266,46d9875188865d89ded8dbac02cca4f10dd7713f6c86c61062d11137c12202f5,931,180,269,302,True,3,False,0,False,0,False,1,True,False,False,False,False
267,d0f6251a4753ff621b360df9138a82fc0bca80488bafebe6234a3e39a3bce7ce,981,186,274,327,True,3,False,0,False,0,False,1,True,False,False,False,False
268,c102424f0804adc0699c8fc8ed4fe44b51bafe695d28eeab074ae9ef9185ab5f,2144,432,611,717,True,3,False,0,False,0,False,1,True,False,False,False,False
269,bb12c3b8760a9bd87b7bdb138b2e5a3ebfaf9dcef5b6153665c813f8cc158c62,545,102,139,161,True,3,False,0,False,0,False,1,True,False,False,False,False
270,501acd1ed104fba24485b9d2d10bbfce5b3328088fbbfd7ecdc94b0b51de1b6c,117,24,32,37,True,3,False,0,False,0,False,1,True,False,False,False,False
271,cf2f2aa066c0b14c468d8c3ad7790af5e28fc9d8a4452b24e1f199bb40505ed6,366,84,117,129,True,3,False,0,False,0,False,1,True,False,False,False,False
272,1d21793cf7e06205f948841161fae5b19223ec2398be0543b6dda07e4505eb0d,4015,845,1175,1349,True,3,False,0,False,0,False,1,True,False,False,False,False
273,50dc73af80a53727b4f2821771b3db97544bfdc1f56b9721ef59a22c1e51c569,321,53,75,91,True,3,False,0,False,0,False,1,True,False,False,False,False
274,b0d57294823878272631a6012db05749099f91dbcdbc777cc14e6135596d4d4b,71,11,18,23,True,3,False,0,False,0,False,1,True,False,False,False,False
275,442a3f992a1e09037afab1bf5455d1847525a4d51724340dc2dad57aac95e997,641,149,191,227,False,0,False,0,False,0,False,2,True,False,False,False,False
276,76a49c35ff6a68bcffe0c80ee33027df82a2260b8b138d4ad20b2cb86d1f809a,1367,289,397,448,True,3,False,0,False,0,False,1,True,False,False,False,False
277,e32389b6616432e217ab5bc4788fd0ca5389af14fc10f59ea86ad5d033183f60,1141,270,351,393,False,0,False,0,False,0,False,2,True,False,False,False,False
278,cc8742c81cd704f99e949d94b032ead071e715dd40c7bf4d40b5a600acc55083,609,135,185,222,True,3,False,0,False,0,False,1,True,False,False,False,False
279,86e7877f3d5b47c46589f132e90fb6c03db509a7bcc068a2a41b2252445a3b04,1166,243,309,354,True,3,False,0,False,0,False,1,True,False,False,False,False
280,409b768ea57797d609cfd89ab2cb7b96b180acbdea63900f5a06e97d48c442dc,873,190,273,298,False,0,False,0,False,0,False,2,True,False,False,False,False
281,a059fc45b57c6c2a1fdebc0efe2e99cef3767fe65b94c348ece329282dc375e0,1581,368,448,516,True,3,False,0,False,0,False,1,True,False,False,False,False
282,6603a3cff23c0a226915aa5858884a91cdbc60ef9795a139bf2feadb2157c47c,1064,237,314,354,True,3,False,0,False,0,False,1,True,False,False,False,False
283,1f123a032521022651aef3dcb8909d02b288ba77429d54a8cfd6987180e7a67a,854,180,221,266,True,3,False,0,False,0,False,1,True,False,False,False,False
284,840688ed5ca8302cf04de88a783ad1e18193038b3c3857e0ea828e29d0d1b802,13610,2472,3718,4382,True,3,False,0,False,0,False,1,True,False,False,False,False
285,ad6b45a6c4906f37c802575e182f5afc59bea7a4b5848c95d6e1ae2610d06bfe,1632,359,503,569,True,3,False,0,False,0,False,1,True,False,False,False,False
286,b648cec15c5dc01c36888e716957c2559fafe007466557ec3a7bf63fd6f21c35,667,140,191,224,True,3,False,0,False,0,False,1,True,False,False,False,False
287,2cfa2f610891d6dee5125742578ea29c6d6ff7d2a3aa07092a20b15ce8f2aa51,490,103,140,162,True,3,False,0,False,0,False,1,True,False,False,False,False
288,12253d74d2d245a9857ffcbc4d283b3bdf5338c09a670f041946c58ef3296a0e,544,118,147,170,True,3,False,0,False,0,False,1,True,False,False,False,False
289,b20beb4ed3eedf2b3ddb25faada2c1d89c0d49208a33726ca9031420764c7ac9,795,187,240,271,True,3,False,0,False,0,False,2,True,False,False,False,False
290,9b385611cdfdec1e8aa09f6a8086a25e6045c4d498884d6e2bbc90d260b328b7,1540,286,455,539,True,3,False,0,False,0,False,3,True,True,True,True,True
291,c6e8871c1c10f313aca96c9b96df2151585cfd3db120008b954d1408fb097de3,919,184,243,293,True,3,False,0,False,0,False,2,True,False,False,False,False
292,c021439967dc9e3a93923122aca6221e8cef9fd80a527fb1e13d18d94b814deb,864,159,216,265,True,3,False,0,False,0,False,2,True,False,False,False,False
293,442a3f992a1e09037afab1bf5455d1847525a4d51724340dc2dad57aac95e997,641,149,191,227,True,3,False,0,False,0,False,2,True,False,False,False,False
294,e32389b6616432e217ab5bc4788fd0ca5389af14fc10f59ea86ad5d033183f60,1141,270,351,393,True,3,False,0,False,0,False,2,True,False,False,False,False
295,409b768ea57797d609cfd89ab2cb7b96b180acbdea63900f5a06e97d48c442dc,873,190,273,298,True,3,False,0,False,0,False,2,True,False,False,False,False
296,1bc7b22f3bb715f041f9a633678c8caf41e62a0392a2655684b7624587ee1649,112,26,32,34,False,0,False,0,False,0,False,3,True,False,False,False,False
297,1a39ae7982d749f0ad8a532090a99cd3db5927b7e9dd2894d8a2f9f4441216a4,1184,282,331,345,False,0,False,0,False,0,False,3,False,False,False,False,False
298,1a39ae7982d749f0ad8a532090a99cd3db5927b7e9dd2894d8a2f9f4441216a4,1184,282,331,345,False,0,False,0,False,0,False,3,False,False,False,False,False
299,ab3946a46e5cc73b78311223d056f051365357efe1cde7cef1fc1fc245f1d66e,1164,272,330,345,False,0,False,0,False,0,False,2,False,False,False,False,False
300,ab3946a46e5cc73b78311223d056f051365357efe1cde7cef1fc1fc245f1d66e,1164,272,330,345,False,0,False,0,False,0,False,2,False,False,False,False,False
301,1a39ae7982d749f0ad8a532090a99cd3db5927b7e9dd2894d8a2f9f4441216a4,1184,282,331,345,False,0,False,0,False,0,False,3,False,False,False,False,False
302,9355b2300307509055efefc3cf7b8ae9573449bba473865b406d2b1b689637e9,53059,8559,12806,13227,False,0,False,0,False,0,False,2,False,False,False,False,False
303,9355b2300307509055efefc3cf7b8ae9573449bba473865b406d2b1b689637e9,53059,8559,12806,13227,False,0,False,0,False,0,False,2,False,False,False,False,False
